m,n,n_solves,optimal_frac,infeasible_n,unbounded_n,pivots_mean,pivots_std,pivots_max,time_mean_ms,time_std_ms,scipy_time_mean_ms,scipy_nit_mean,sparsity_mean,degenerate_frac,multi_opt_frac,objective_mean_opt
2,4,5,0.4,0,3,1.2,0.4472135954999579,2,0.15795020000014,0.024033189815450887,0.67276660000008,1.2,0.3,0.0,0.0,-0.6872834790011144
2,10,5,0.0,0,5,1.4,0.8944271909999159,2,0.13384959999950088,0.03501665232841805,0.5442249999999199,1.8,0.0,0.0,0.0,
2,20,5,0.0,0,5,2.0,1.0,3,0.14219980000010854,0.039834073337977206,0.57144999999978,2.0,0.0,0.0,0.0,
2,30,5,0.0,0,5,1.8,1.0954451150103321,3,0.17947499999981625,0.0746611354922953,0.6434164000001,2.2,0.0,0.0,0.0,
2,40,5,0.0,0,5,2.2,1.3038404810405297,3,0.1765081999999763,0.05660117873067257,0.6921329999998399,2.6,0.0,0.0,0.0,
2,50,5,0.0,0,5,3.0,0.7071067811865476,4,0.20229179999991997,0.030462389608933726,0.67879159999982,2.2,0.0,0.0,0.0,
6,4,5,0.0,4,1,3.6,2.4083189157584592,7,0.21828300000018003,0.08094915242294759,0.46333340000005996,2.6,0.0,0.0,0.0,
6,10,5,0.0,2,3,7.0,2.7386127875258306,11,0.30601659999986,0.09691213683983041,0.5350081999999,7.0,0.0,0.0,0.0,
6,20,5,0.0,0,5,6.4,2.6076809620810595,9,0.3347747999999,0.0648511150535869,0.6929667999999599,9.6,0.0,0.0,0.0,
6,30,5,0.0,0,5,5.8,3.7013511046643495,12,0.29937459999972,0.10258488453381713,0.63424160000004,8.0,0.0,0.0,0.0,
6,40,5,0.0,0,5,6.4,2.5099800796022262,10,0.40152479999994006,0.13391797680912026,0.7706913999999201,15.8,0.0,0.0,0.0,
6,50,5,0.0,0,5,5.6,2.6076809620810595,9,0.35450840000002,0.11743769591716717,0.74881679999994,13.6,0.0,0.0,0.0,
10,4,5,0.2,4,0,2.8,1.3038404810405297,4,0.23424140000005997,0.044885269964724986,0.47737500000012006,2.4,0.0,0.0,0.0,-1.4066744785831633
10,10,5,0.4,2,1,6.8,4.604345773288535,10,0.39610839999979996,0.17987513117531997,0.6360331999999201,8.4,0.22000000000000003,0.0,0.0,-2.548555382392002
10,20,5,0.0,0,5,14.4,1.51657508881031,16,0.7517583999999801,0.12222487397555112,0.8686831999999801,24.4,0.0,0.0,0.0,
10,30,5,0.0,0,5,10.4,3.7815340802378077,14,0.5429250000001801,0.11760939650386258,0.9233581999999799,26.0,0.0,0.0,0.0,
10,40,5,0.0,0,5,11.2,2.7748873851023217,15,0.57500819999998,0.12166651978933826,0.8244499999999599,30.0,0.0,0.0,0.0,
10,50,5,0.0,0,5,10.8,3.3466401061363023,16,0.56695820000006,0.13890317421071882,0.9307081999999001,27.4,0.0,0.0,0.0,
14,4,5,0.0,5,0,4.6,1.1401754250991378,6,0.35987480000011995,0.06587782926927374,0.4941083999996201,2.0,0.0,0.0,0.0,
14,10,5,0.0,3,2,12.2,2.0493901531919194,14,0.64350780000004,0.10064949269225355,0.5636253999999999,15.4,0.0,0.0,0.0,
14,20,5,0.0,0,5,16.6,5.458937625582472,23,0.9103418000001801,0.25000512660883534,0.96852480000016,32.6,0.0,0.0,0.0,
14,30,5,0.0,0,5,14.8,2.280350850198276,17,0.8926666000000198,0.19735788582486605,0.87753299999984,36.2,0.0,0.0,0.0,
14,40,5,0.0,0,5,15.0,3.7416573867739413,18,0.8082248000000399,0.15617846511826924,0.8826001999997001,36.2,0.0,0.0,0.0,
14,50,5,0.0,0,5,17.8,2.9495762407505257,23,1.13272519999986,0.33899854759239895,1.1940082,42.2,0.0,0.0,0.0,
