instance,group,generator,m,n,n_ub,n_eq,seed,status,expected_status,objective,pivots,phase1_pivots,phase2_pivots,simplex_time,degenerate,multiple_optima,n_nonzero,sparsity,message,scipy_status,scipy_objective,scipy_time,scipy_nit,objective_match
random_feasible_m2_n4_s0,grid,random_feasible,2,4,2,0,0,optimal,optimal,2.0255880168965334,2,0,2,0.0008783749999999868,False,False,1,0.75,optimal solution found,optimal,2.0255880168965334,0.005461207999999829,3,True
random_feasible_m2_n4_s1,grid,random_feasible,2,4,2,0,1,optimal,optimal,1.6191054586785492,2,0,2,0.0002781670000002734,False,False,2,0.5,optimal solution found,optimal,1.6191054586785492,0.0008669579999995847,2,True
random_feasible_m2_n4_s2,grid,random_feasible,2,4,2,0,2,optimal,optimal,1.4966276054111671,3,0,3,0.0001860840000000863,False,False,2,0.5,optimal solution found,optimal,1.4966276054111671,0.0006479160000001372,2,True
random_feasible_m2_n4_s3,grid,random_feasible,2,4,2,0,3,optimal,optimal,8.434428333768876,1,0,1,0.00011695799999955625,False,False,1,0.75,optimal solution found,optimal,8.434428333768876,0.0005595409999994416,2,True
random_feasible_m2_n4_s4,grid,random_feasible,2,4,2,0,4,optimal,optimal,2.49407816533643,3,0,3,0.000158833999999608,False,False,1,0.75,optimal solution found,optimal,2.49407816533643,0.0009841249999995583,2,True
random_feasible_m2_n4_s5,grid,random_feasible,2,4,2,0,5,optimal,optimal,2.2019054355196426,2,0,2,0.0002495409999996312,False,False,2,0.5,optimal solution found,optimal,2.201905435519642,0.0010660000000006775,2,True
random_feasible_m2_n4_s6,grid,random_feasible,2,4,2,0,6,optimal,optimal,2.513785403058646,1,0,1,0.00013941700000064117,False,False,1,0.75,optimal solution found,optimal,2.513785403058646,0.0007099170000000044,2,True
random_feasible_m2_n4_s7,grid,random_feasible,2,4,2,0,7,optimal,optimal,1.623668567734362,1,0,1,0.0001275420000004246,False,False,1,0.75,optimal solution found,optimal,1.623668567734362,0.0005462500000001924,1,True
random_feasible_m2_n4_s8,grid,random_feasible,2,4,2,0,8,optimal,optimal,0.7173119097952206,2,0,2,0.00014154200000060513,False,False,2,0.5,optimal solution found,optimal,0.7173119097952205,0.0005365829999997018,2,True
random_feasible_m2_n4_s9,grid,random_feasible,2,4,2,0,9,optimal,optimal,1.4357457599792285,2,0,2,0.00013587500000067365,False,False,2,0.5,optimal solution found,optimal,1.4357457599792285,0.0005299169999997133,2,True
random_feasible_m6_n4_s0,grid,random_feasible,6,4,6,0,0,optimal,optimal,1.6480843140690884,3,0,3,0.00020212499999949785,False,False,3,0.25,optimal solution found,optimal,1.6480843140690888,0.0005828750000000937,7,True
random_feasible_m6_n4_s1,grid,random_feasible,6,4,6,0,1,optimal,optimal,1.7355678414373883,4,0,4,0.0002200830000003151,False,False,3,0.25,optimal solution found,optimal,1.7355678414373883,0.0005869159999996043,3,True
random_feasible_m6_n4_s2,grid,random_feasible,6,4,6,0,2,optimal,optimal,1.2277856726079528,2,0,2,0.00016345899999947733,False,False,2,0.5,optimal solution found,optimal,1.2277856726079523,0.0005401249999996693,3,True
random_feasible_m6_n4_s3,grid,random_feasible,6,4,6,0,3,optimal,optimal,1.2467026805276251,3,0,3,0.0001860840000000863,False,False,3,0.25,optimal solution found,optimal,1.2467026805276251,0.0005389579999999228,3,True
random_feasible_m6_n4_s4,grid,random_feasible,6,4,6,0,4,optimal,optimal,2.268263401880088,2,0,2,0.00015887500000033583,False,False,2,0.5,optimal solution found,optimal,2.268263401880087,0.0005331250000004673,2,True
random_feasible_m6_n4_s5,grid,random_feasible,6,4,6,0,5,optimal,optimal,1.8160655559330732,2,0,2,0.0001544170000000733,False,False,2,0.5,optimal solution found,optimal,1.816065555933073,0.0005343749999999758,4,True
random_feasible_m6_n4_s6,grid,random_feasible,6,4,6,0,6,optimal,optimal,1.2590985224735638,3,0,3,0.00025208299999945893,False,False,3,0.25,optimal solution found,optimal,1.2590985224735638,0.0007531250000001322,4,True
random_feasible_m6_n4_s7,grid,random_feasible,6,4,6,0,7,optimal,optimal,0.587074436462337,2,0,2,0.00017349999999982657,False,False,2,0.5,optimal solution found,optimal,0.587074436462337,0.000591499999999634,3,True
random_feasible_m6_n4_s8,grid,random_feasible,6,4,6,0,8,optimal,optimal,0.22258191895911958,3,0,3,0.00019183299999969705,False,False,2,0.5,optimal solution found,optimal,0.22258191895911933,0.0005367079999993862,3,True
random_feasible_m6_n4_s9,grid,random_feasible,6,4,6,0,9,optimal,optimal,1.0612127190323524,2,0,2,0.00015320899999959892,False,False,2,0.5,optimal solution found,optimal,1.0612127190323526,0.0005203330000007611,2,True
random_feasible_m10_n4_s0,grid,random_feasible,10,4,10,0,0,optimal,optimal,0.7169351963310135,5,0,5,0.00031220900000050733,False,False,4,0.0,optimal solution found,optimal,0.7169351963310138,0.0006166250000001483,7,True
random_feasible_m10_n4_s1,grid,random_feasible,10,4,10,0,1,optimal,optimal,1.1581531210972338,4,0,4,0.00026616600000028967,False,False,4,0.0,optimal solution found,optimal,1.1581531210972338,0.0005675839999996768,6,True
random_feasible_m10_n4_s2,grid,random_feasible,10,4,10,0,2,optimal,optimal,0.6858536282295813,2,0,2,0.00018791700000075906,False,False,2,0.5,optimal solution found,optimal,0.6858536282295811,0.0005968749999993861,6,True
random_feasible_m10_n4_s3,grid,random_feasible,10,4,10,0,3,optimal,optimal,1.674228331141315,5,0,5,0.0003001669999997958,False,False,3,0.25,optimal solution found,optimal,1.6742283311413155,0.0005770829999995897,10,True
random_feasible_m10_n4_s4,grid,random_feasible,10,4,10,0,4,optimal,optimal,0.6613093516272901,2,0,2,0.00017808400000074442,False,False,2,0.5,optimal solution found,optimal,0.6613093516272901,0.000525041999999587,3,True
random_feasible_m10_n4_s5,grid,random_feasible,10,4,10,0,5,optimal,optimal,0.6404660722111092,4,0,4,0.000248000000000026,False,False,2,0.5,optimal solution found,optimal,0.6404660722111091,0.0006759169999996928,6,True
random_feasible_m10_n4_s6,grid,random_feasible,10,4,10,0,6,optimal,optimal,1.401381352633958,3,0,3,0.00021749999999975955,False,False,3,0.25,optimal solution found,optimal,1.401381352633958,0.0005169169999996726,5,True
random_feasible_m10_n4_s7,grid,random_feasible,10,4,10,0,7,optimal,optimal,1.63130549549447,3,0,3,0.00021304100000030246,False,False,3,0.25,optimal solution found,optimal,1.6313054954944701,0.0005552919999995964,9,True
random_feasible_m10_n4_s8,grid,random_feasible,10,4,10,0,8,optimal,optimal,1.7708847032469897,3,0,3,0.00023204199999948827,False,False,2,0.5,optimal solution found,optimal,1.7708847032469897,0.0005391249999995296,5,True
random_feasible_m10_n4_s9,grid,random_feasible,10,4,10,0,9,optimal,optimal,1.1666386754212112,4,0,4,0.00024449999999998084,False,False,3,0.25,optimal solution found,optimal,1.1666386754212112,0.000522833999999861,6,True
random_feasible_m14_n4_s0,grid,random_feasible,14,4,14,0,0,optimal,optimal,0.5944211554741785,3,0,3,0.00025087499999987273,False,False,3,0.25,optimal solution found,optimal,0.5944211554741785,0.0005564590000002312,4,True
random_feasible_m14_n4_s1,grid,random_feasible,14,4,14,0,1,optimal,optimal,1.4397997200342996,4,0,4,0.0002914579999995226,False,False,4,0.0,optimal solution found,optimal,1.4397997200343002,0.0005262090000002217,5,True
random_feasible_m14_n4_s2,grid,random_feasible,14,4,14,0,2,optimal,optimal,0.3795306436025327,3,0,3,0.00024233400000017724,False,False,2,0.5,optimal solution found,optimal,0.37953064360253286,0.0005221249999998179,6,True
random_feasible_m14_n4_s3,grid,random_feasible,14,4,14,0,3,optimal,optimal,0.9756055129052613,3,0,3,0.00024304200000013765,False,False,3,0.25,optimal solution found,optimal,0.9756055129052612,0.0005248749999999802,8,True
random_feasible_m14_n4_s4,grid,random_feasible,14,4,14,0,4,optimal,optimal,1.1969744360356493,2,0,2,0.00020154100000002728,False,False,2,0.5,optimal solution found,optimal,1.1969744360356493,0.000534458000000626,4,True
random_feasible_m14_n4_s5,grid,random_feasible,14,4,14,0,5,optimal,optimal,1.2095240304452801,3,0,3,0.0002500420000002279,False,False,2,0.5,optimal solution found,optimal,1.2095240304452797,0.0005213340000000954,4,True
random_feasible_m14_n4_s6,grid,random_feasible,14,4,14,0,6,optimal,optimal,1.3832930948529059,3,0,3,0.000248666000000064,False,False,2,0.5,optimal solution found,optimal,1.3832930948529056,0.0005211249999996781,7,True
random_feasible_m14_n4_s7,grid,random_feasible,14,4,14,0,7,optimal,optimal,1.7846880338040911,4,0,4,0.00028550000000038267,False,False,3,0.25,optimal solution found,optimal,1.7846880338040911,0.0005118330000000171,5,True
random_feasible_m14_n4_s8,grid,random_feasible,14,4,14,0,8,optimal,optimal,0.4633421823175337,2,0,2,0.0001994579999999857,False,False,2,0.5,optimal solution found,optimal,0.46334218231753366,0.0005192080000000487,4,True
random_feasible_m14_n4_s9,grid,random_feasible,14,4,14,0,9,optimal,optimal,0.9267288683000026,2,0,2,0.00021399999999971442,False,False,2,0.5,optimal solution found,optimal,0.9267288683000025,0.0005889999999997286,6,True
random_feasible_m2_n10_s0,grid,random_feasible,2,10,2,0,0,optimal,optimal,48.21456435615475,3,0,3,0.00016041599999994105,False,False,2,0.8,optimal solution found,optimal,48.21456435615475,0.0005844579999996213,3,True
random_feasible_m2_n10_s1,grid,random_feasible,2,10,2,0,1,optimal,optimal,9.324523663973627,4,0,4,0.00017850000000052546,False,False,2,0.8,optimal solution found,optimal,9.324523663973627,0.0005808749999998142,2,True
random_feasible_m2_n10_s2,grid,random_feasible,2,10,2,0,2,optimal,optimal,5.337852656691201,3,0,3,0.00015708300000039088,False,False,2,0.8,optimal solution found,optimal,5.337852656691202,0.0005432080000007389,2,True
random_feasible_m2_n10_s3,grid,random_feasible,2,10,2,0,3,optimal,optimal,6.554819155503606,2,0,2,0.00012566699999982944,False,False,1,0.9,optimal solution found,optimal,6.554819155503607,0.0005201670000003489,4,True
random_feasible_m2_n10_s4,grid,random_feasible,2,10,2,0,4,optimal,optimal,5.280790192596054,2,0,2,0.0001242499999998259,False,False,2,0.8,optimal solution found,optimal,5.280790192596055,0.0005092500000003497,2,True
random_feasible_m2_n10_s5,grid,random_feasible,2,10,2,0,5,optimal,optimal,5.087800551624137,2,0,2,0.00012820899999965718,False,False,2,0.8,optimal solution found,optimal,5.087800551624138,0.000537624999999764,2,True
random_feasible_m2_n10_s6,grid,random_feasible,2,10,2,0,6,optimal,optimal,7.051464461246628,2,0,2,0.00012595799999992607,False,False,2,0.8,optimal solution found,optimal,7.051464461246626,0.0005146250000001018,4,True
random_feasible_m2_n10_s7,grid,random_feasible,2,10,2,0,7,optimal,optimal,2.354587616468832,2,0,2,0.00012758400000034698,False,False,2,0.8,optimal solution found,optimal,2.354587616468832,0.0005266669999999252,3,True
random_feasible_m2_n10_s8,grid,random_feasible,2,10,2,0,8,optimal,optimal,5.125191434025926,2,0,2,0.00012591700000008643,False,False,2,0.8,optimal solution found,optimal,5.1251914340259255,0.0005076250000000115,4,True
random_feasible_m2_n10_s9,grid,random_feasible,2,10,2,0,9,optimal,optimal,6.377708060474676,3,0,3,0.00014616700000047445,False,False,2,0.8,optimal solution found,optimal,6.377708060474676,0.0004907499999999843,2,True
random_feasible_m6_n10_s0,grid,random_feasible,6,10,6,0,0,optimal,optimal,4.013055528754829,6,0,6,0.0002720420000006385,False,False,4,0.6,optimal solution found,optimal,4.013055528754829,0.0005475000000005892,5,True
random_feasible_m6_n10_s1,grid,random_feasible,6,10,6,0,1,optimal,optimal,4.8100500004306,5,0,5,0.00023187499999988148,False,False,4,0.6,optimal solution found,optimal,4.810050000430599,0.0005327499999996377,5,True
random_feasible_m6_n10_s2,grid,random_feasible,6,10,6,0,2,optimal,optimal,2.2284130018986095,4,0,4,0.0002032919999992444,False,False,3,0.7,optimal solution found,optimal,2.2284130018986095,0.0006807919999998191,4,True
random_feasible_m6_n10_s3,grid,random_feasible,6,10,6,0,3,optimal,optimal,3.7084879908754704,8,0,8,0.00035158300000048825,False,False,3,0.7,optimal solution found,optimal,3.7084879908754704,0.0009707089999997365,4,True
random_feasible_m6_n10_s4,grid,random_feasible,6,10,6,0,4,optimal,optimal,3.9257467332989355,7,0,7,0.0003208749999998872,False,False,4,0.6,optimal solution found,optimal,3.925746733298936,0.000761291999999969,5,True
random_feasible_m6_n10_s5,grid,random_feasible,6,10,6,0,5,optimal,optimal,4.32728112512682,5,0,5,0.00025012499999998994,False,False,5,0.5,optimal solution found,optimal,4.327281125126822,0.00061329199999971,5,True
random_feasible_m6_n10_s6,grid,random_feasible,6,10,6,0,6,optimal,optimal,4.942634226107672,5,0,5,0.0002527079999996573,False,False,4,0.6,optimal solution found,optimal,4.942634226107673,0.0006060000000003285,4,True
random_feasible_m6_n10_s7,grid,random_feasible,6,10,6,0,7,optimal,optimal,3.636496952582772,6,0,6,0.0002675419999995654,False,False,5,0.5,optimal solution found,optimal,3.636496952582773,0.0005619589999996677,5,True
random_feasible_m6_n10_s8,grid,random_feasible,6,10,6,0,8,optimal,optimal,3.443582715543163,3,0,3,0.00018962499999997107,False,False,3,0.7,optimal solution found,optimal,3.4435827155431626,0.0005696659999996356,5,True
random_feasible_m6_n10_s9,grid,random_feasible,6,10,6,0,9,optimal,optimal,4.66453867924941,4,0,4,0.00021112499999986767,False,False,4,0.6,optimal solution found,optimal,4.664538679249409,0.0005766669999998086,8,True
random_feasible_m10_n10_s0,grid,random_feasible,10,10,10,0,0,optimal,optimal,3.457468113952742,6,0,6,0.0003432089999995114,False,False,4,0.6,optimal solution found,optimal,3.4574681139527432,0.0006229580000001178,10,True
random_feasible_m10_n10_s1,grid,random_feasible,10,10,10,0,1,optimal,optimal,3.754296044133293,6,0,6,0.00031970800000014066,False,False,5,0.5,optimal solution found,optimal,3.7542960441332967,0.0006005419999999262,11,True
random_feasible_m10_n10_s2,grid,random_feasible,10,10,10,0,2,optimal,optimal,4.483952489042392,5,0,5,0.00030141700000019256,False,False,4,0.6,optimal solution found,optimal,4.483952489042389,0.0006167919999997551,10,True
random_feasible_m10_n10_s3,grid,random_feasible,10,10,10,0,3,optimal,optimal,3.4579697643554312,5,0,5,0.00029016700000017437,False,False,3,0.7,optimal solution found,optimal,3.4579697643554317,0.000656165999999736,6,True
random_feasible_m10_n10_s4,grid,random_feasible,10,10,10,0,4,optimal,optimal,3.303024040229059,5,0,5,0.0003047919999996651,False,False,5,0.5,optimal solution found,optimal,3.3030240402290585,0.0006097079999998201,9,True
random_feasible_m10_n10_s5,grid,random_feasible,10,10,10,0,5,optimal,optimal,3.2840380785492966,5,0,5,0.00029262500000015734,False,False,4,0.6,optimal solution found,optimal,3.284038078549294,0.0005757500000003191,10,True
random_feasible_m10_n10_s6,grid,random_feasible,10,10,10,0,6,optimal,optimal,3.7189188767532317,3,0,3,0.0002224159999997255,False,False,3,0.7,optimal solution found,optimal,3.718918876753233,0.0006049589999994609,9,True
random_feasible_m10_n10_s7,grid,random_feasible,10,10,10,0,7,optimal,optimal,2.690359093754455,5,0,5,0.00040529199999994603,False,False,5,0.5,optimal solution found,optimal,2.690359093754455,0.0006933340000001564,10,True
random_feasible_m10_n10_s8,grid,random_feasible,10,10,10,0,8,optimal,optimal,2.3115670997681512,3,0,3,0.00029274999999984175,False,False,3,0.7,optimal solution found,optimal,2.3115670997681503,0.000685792000000518,5,True
random_feasible_m10_n10_s9,grid,random_feasible,10,10,10,0,9,optimal,optimal,4.266713887708377,8,0,8,0.0004029160000005305,False,False,6,0.4,optimal solution found,optimal,4.266713887708378,0.0005803750000001884,8,True
random_feasible_m14_n10_s0,grid,random_feasible,14,10,14,0,0,optimal,optimal,3.196158170804239,10,0,10,0.0005435000000000301,False,False,5,0.5,optimal solution found,optimal,3.1961581708042375,0.0007029999999996761,8,True
random_feasible_m14_n10_s1,grid,random_feasible,14,10,14,0,1,optimal,optimal,3.4586337914993384,5,0,5,0.0004343330000002865,False,False,4,0.6,optimal solution found,optimal,3.4586337914993397,0.0007847499999993346,10,True
random_feasible_m14_n10_s2,grid,random_feasible,14,10,14,0,2,optimal,optimal,3.5718796602348273,4,0,4,0.00031499999999962114,False,False,4,0.6,optimal solution found,optimal,3.5718796602348277,0.0006177499999999725,5,True
random_feasible_m14_n10_s3,grid,random_feasible,14,10,14,0,3,optimal,optimal,2.622814586305861,4,0,4,0.0002924160000006282,False,False,4,0.6,optimal solution found,optimal,2.622814586305862,0.0005707919999995426,6,True
random_feasible_m14_n10_s4,grid,random_feasible,14,10,14,0,4,optimal,optimal,5.2099256692028355,7,0,7,0.0004135000000005107,False,False,5,0.5,optimal solution found,optimal,5.209925669202829,0.0005823329999996574,12,True
random_feasible_m14_n10_s5,grid,random_feasible,14,10,14,0,5,optimal,optimal,3.6694022483745368,7,0,7,0.0004135829999993845,False,False,5,0.5,optimal solution found,optimal,3.669402248374538,0.0005607499999999987,7,True
random_feasible_m14_n10_s6,grid,random_feasible,14,10,14,0,6,optimal,optimal,3.022288126628319,7,0,7,0.00041941699999981097,False,False,5,0.5,optimal solution found,optimal,3.0222881266283133,0.000589041999999651,11,True
random_feasible_m14_n10_s7,grid,random_feasible,14,10,14,0,7,optimal,optimal,3.536207228383871,7,0,7,0.00041979200000064054,False,False,5,0.5,optimal solution found,optimal,3.5362072283838706,0.0005705830000000134,12,True
random_feasible_m14_n10_s8,grid,random_feasible,14,10,14,0,8,optimal,optimal,3.007016520838083,8,0,8,0.0004554169999995139,False,False,6,0.4,optimal solution found,optimal,3.007016520838084,0.0005730840000000015,11,True
random_feasible_m14_n10_s9,grid,random_feasible,14,10,14,0,9,optimal,optimal,3.245777090053408,2,0,2,0.00020466700000021376,False,False,2,0.8,optimal solution found,optimal,3.2457770900534095,0.0005608339999998435,11,True
random_feasible_m2_n20_s0,grid,random_feasible,2,20,2,0,0,optimal,optimal,9.404667096493949,3,0,3,0.00015583299999999412,False,False,2,0.9,optimal solution found,optimal,9.404667096493947,0.0005407919999997901,6,True
random_feasible_m2_n20_s1,grid,random_feasible,2,20,2,0,1,optimal,optimal,26.900245884555083,3,0,3,0.00014929199999969,False,False,2,0.9,optimal solution found,optimal,26.90024588455508,0.0005247920000002182,2,True
random_feasible_m2_n20_s2,grid,random_feasible,2,20,2,0,2,optimal,optimal,12.834511002786785,3,0,3,0.0001487920000000642,False,False,2,0.9,optimal solution found,optimal,12.834511002786783,0.0005186669999996951,2,True
random_feasible_m2_n20_s3,grid,random_feasible,2,20,2,0,3,optimal,optimal,48.58885899481817,2,0,2,0.00012816700000062298,False,False,1,0.95,optimal solution found,optimal,48.58885899481816,0.0005201249999995383,4,True
random_feasible_m2_n20_s4,grid,random_feasible,2,20,2,0,4,optimal,optimal,18.69380954868828,4,0,4,0.0001656670000000915,False,False,1,0.95,optimal solution found,optimal,18.693809548688275,0.0005155410000003968,2,True
random_feasible_m2_n20_s5,grid,random_feasible,2,20,2,0,5,optimal,optimal,23.073342175066173,3,0,3,0.0001482920000004384,False,False,2,0.9,optimal solution found,optimal,23.073342175066156,0.0005408749999995521,4,True
random_feasible_m2_n20_s6,grid,random_feasible,2,20,2,0,6,optimal,optimal,19.579439540517896,4,0,4,0.0001709170000001592,False,False,2,0.9,optimal solution found,optimal,19.5794395405179,0.0006601249999995673,4,True
random_feasible_m2_n20_s7,grid,random_feasible,2,20,2,0,7,optimal,optimal,18.454151433202124,4,0,4,0.0002303750000001159,False,False,2,0.9,optimal solution found,optimal,18.45415143320211,0.0006330839999995064,4,True
random_feasible_m2_n20_s8,grid,random_feasible,2,20,2,0,8,optimal,optimal,11.907116330207167,4,0,4,0.00017987500000060663,False,False,2,0.9,optimal solution found,optimal,11.907116330207163,0.0006874589999998904,5,True
random_feasible_m2_n20_s9,grid,random_feasible,2,20,2,0,9,optimal,optimal,20.59988728757959,4,0,4,0.00019283399999991957,False,False,2,0.9,optimal solution found,optimal,20.59988728757959,0.0006036670000000299,2,True
random_feasible_m6_n20_s0,grid,random_feasible,6,20,6,0,0,optimal,optimal,8.781406676161742,9,0,9,0.00035675000000079393,False,False,6,0.7,optimal solution found,optimal,8.781406676161742,0.0006169160000002449,9,True
random_feasible_m6_n20_s1,grid,random_feasible,6,20,6,0,1,optimal,optimal,9.279905408565046,4,0,4,0.00021262500000052142,False,False,4,0.8,optimal solution found,optimal,9.279905408565044,0.0005820420000004489,7,True
random_feasible_m6_n20_s2,grid,random_feasible,6,20,6,0,2,optimal,optimal,12.627299764963457,5,0,5,0.0002364999999997508,False,False,2,0.9,optimal solution found,optimal,12.627299764963453,0.0005670409999991577,6,True
random_feasible_m6_n20_s3,grid,random_feasible,6,20,6,0,3,optimal,optimal,7.775380623235814,5,0,5,0.00023687500000058037,False,False,4,0.8,optimal solution found,optimal,7.775380623235812,0.0005667080000000269,6,True
random_feasible_m6_n20_s4,grid,random_feasible,6,20,6,0,4,optimal,optimal,11.422777659461294,3,0,3,0.00018354200000025855,False,False,3,0.85,optimal solution found,optimal,11.422777659461293,0.0005640410000005147,8,True
random_feasible_m6_n20_s5,grid,random_feasible,6,20,6,0,5,optimal,optimal,7.782200102229974,3,0,3,0.000182708000000531,False,False,3,0.85,optimal solution found,optimal,7.782200102229974,0.0005600409999999556,5,True
random_feasible_m6_n20_s6,grid,random_feasible,6,20,6,0,6,optimal,optimal,9.210224259479611,7,0,7,0.00044120899999988694,False,False,4,0.8,optimal solution found,optimal,9.21022425947961,0.001047833000000331,7,True
random_feasible_m6_n20_s7,grid,random_feasible,6,20,6,0,7,optimal,optimal,9.584260732398242,10,0,10,0.0004284590000001032,False,False,6,0.7,optimal solution found,optimal,9.584260732398244,0.0008697919999995918,8,True
random_feasible_m6_n20_s8,grid,random_feasible,6,20,6,0,8,optimal,optimal,6.876686419278942,10,0,10,0.0003864999999994012,False,False,6,0.7,optimal solution found,optimal,6.876686419278949,0.0006031660000003214,10,True
random_feasible_m6_n20_s9,grid,random_feasible,6,20,6,0,9,optimal,optimal,6.591550073344869,5,0,5,0.00023875000000028734,False,False,4,0.8,optimal solution found,optimal,6.591550073344869,0.0005712500000001342,7,True
random_feasible_m10_n20_s0,grid,random_feasible,10,20,10,0,0,optimal,optimal,7.079555435509897,11,0,11,0.0004993749999995245,False,False,6,0.7,optimal solution found,optimal,7.079555435509897,0.000619750000000252,13,True
random_feasible_m10_n20_s1,grid,random_feasible,10,20,10,0,1,optimal,optimal,6.0780321512635656,8,0,8,0.00042670799999999787,False,False,5,0.75,optimal solution found,optimal,6.078032151263573,0.0006643340000005438,11,True
random_feasible_m10_n20_s2,grid,random_feasible,10,20,10,0,2,optimal,optimal,6.506073249492267,6,0,6,0.0003302910000000381,False,False,5,0.75,optimal solution found,optimal,6.506073249492269,0.0006107919999998046,8,True
random_feasible_m10_n20_s3,grid,random_feasible,10,20,10,0,3,optimal,optimal,8.164196160011423,5,0,5,0.0002894580000001312,False,False,5,0.75,optimal solution found,optimal,8.164196160011421,0.0006157919999996153,8,True
random_feasible_m10_n20_s4,grid,random_feasible,10,20,10,0,4,optimal,optimal,8.134287687598404,9,0,9,0.0004479160000006033,False,False,7,0.65,optimal solution found,optimal,8.134287687598412,0.0008258340000004694,13,True
random_feasible_m10_n20_s5,grid,random_feasible,10,20,10,0,5,optimal,optimal,5.531500893886021,9,0,9,0.00043679200000035223,False,False,5,0.75,optimal solution found,optimal,5.531500893886023,0.0007575840000004774,10,True
random_feasible_m10_n20_s6,grid,random_feasible,10,20,10,0,6,optimal,optimal,7.5740940095621685,12,0,12,0.0005302079999998099,False,False,7,0.65,optimal solution found,optimal,7.574094009562161,0.0006276660000006373,11,True
random_feasible_m10_n20_s7,grid,random_feasible,10,20,10,0,7,optimal,optimal,9.153434977346121,8,0,8,0.00038754199999946337,False,False,6,0.7,optimal solution found,optimal,9.153434977346116,0.0005890420000005392,10,True
random_feasible_m10_n20_s8,grid,random_feasible,10,20,10,0,8,optimal,optimal,7.49207473663476,12,0,12,0.0005180829999993364,False,False,7,0.65,optimal solution found,optimal,7.492074736634752,0.000581874999999954,8,True
random_feasible_m10_n20_s9,grid,random_feasible,10,20,10,0,9,optimal,optimal,9.305912787541237,6,0,6,0.00031962500000037863,False,False,5,0.75,optimal solution found,optimal,9.305912787541235,0.0005834580000003697,10,True
random_feasible_m14_n20_s0,grid,random_feasible,14,20,14,0,0,optimal,optimal,7.217132936213083,11,0,11,0.0005862920000003768,False,False,7,0.65,optimal solution found,optimal,7.217132936213083,0.0006441249999999954,16,True
random_feasible_m14_n20_s1,grid,random_feasible,14,20,14,0,1,optimal,optimal,5.304305176783414,12,0,12,0.0006194580000000727,False,False,8,0.6,optimal solution found,optimal,5.304305176783411,0.0006267089999996145,13,True
random_feasible_m14_n20_s2,grid,random_feasible,14,20,14,0,2,optimal,optimal,8.150636080797135,8,0,8,0.00045775000000070065,False,False,5,0.75,optimal solution found,optimal,8.150636080797137,0.0006201659999991449,13,True
random_feasible_m14_n20_s3,grid,random_feasible,14,20,14,0,3,optimal,optimal,6.781633352761545,13,0,13,0.0006622919999994537,False,False,7,0.65,optimal solution found,optimal,6.781633352761547,0.0006323339999996236,16,True
random_feasible_m14_n20_s4,grid,random_feasible,14,20,14,0,4,optimal,optimal,8.162831603228994,12,0,12,0.0006192499999997381,False,False,6,0.7,optimal solution found,optimal,8.162831603228993,0.0006239579999993694,15,True
random_feasible_m14_n20_s5,grid,random_feasible,14,20,14,0,5,optimal,optimal,6.163548520198651,11,0,11,0.000579667000000228,False,False,8,0.6,optimal solution found,optimal,6.163548520198651,0.0006273749999996525,13,True
random_feasible_m14_n20_s6,grid,random_feasible,14,20,14,0,6,optimal,optimal,6.807705673684493,6,0,6,0.0003742500000001314,False,False,5,0.75,optimal solution found,optimal,6.807705673684528,0.0006102500000002564,12,True
random_feasible_m14_n20_s7,grid,random_feasible,14,20,14,0,7,optimal,optimal,6.124996825087462,10,0,10,0.0005371670000000606,False,False,9,0.55,optimal solution found,optimal,6.124996825087464,0.0007157920000002704,17,True
random_feasible_m14_n20_s8,grid,random_feasible,14,20,14,0,8,optimal,optimal,7.144267494735383,14,0,14,0.0007290000000006458,False,False,6,0.7,optimal solution found,optimal,7.144267494735383,0.000763499999999695,14,True
random_feasible_m14_n20_s9,grid,random_feasible,14,20,14,0,9,optimal,optimal,6.7204981377089466,10,0,10,0.0005700840000004703,False,False,7,0.65,optimal solution found,optimal,6.720498137708948,0.0007034169999995399,13,True
random_feasible_m2_n30_s0,grid,random_feasible,2,30,2,0,0,optimal,optimal,47.07250821866914,4,0,4,0.00019145799999975566,False,False,2,0.9333333333333333,optimal solution found,optimal,47.07250821866914,0.0006429589999994434,4,True
random_feasible_m2_n30_s1,grid,random_feasible,2,30,2,0,1,optimal,optimal,112.0025123914726,1,0,1,0.00012454099999992252,False,False,1,0.9666666666666667,optimal solution found,optimal,112.0025123914726,0.0005730830000008069,1,True
random_feasible_m2_n30_s2,grid,random_feasible,2,30,2,0,2,optimal,optimal,24.286426374072658,4,0,4,0.00016870800000035047,False,False,2,0.9333333333333333,optimal solution found,optimal,24.286426374072647,0.0005455840000001544,3,True
random_feasible_m2_n30_s3,grid,random_feasible,2,30,2,0,3,optimal,optimal,38.34553042085433,3,0,3,0.00015004200000046097,False,False,2,0.9333333333333333,optimal solution found,optimal,38.345530420854324,0.0005453329999998147,3,True
random_feasible_m2_n30_s4,grid,random_feasible,2,30,2,0,4,optimal,optimal,18.510967499642028,4,0,4,0.00016779200000005545,False,False,2,0.9333333333333333,optimal solution found,optimal,18.510967499642028,0.0005406670000001057,3,True
random_feasible_m2_n30_s5,grid,random_feasible,2,30,2,0,5,optimal,optimal,40.91273859251797,3,0,3,0.00014850000000077301,False,False,2,0.9333333333333333,optimal solution found,optimal,40.91273859251797,0.0005332500000001517,3,True
random_feasible_m2_n30_s6,grid,random_feasible,2,30,2,0,6,optimal,optimal,106.24633202374395,3,0,3,0.00015016700000014538,False,False,2,0.9333333333333333,optimal solution found,optimal,106.24633202374395,0.0005275420000003805,2,True
random_feasible_m2_n30_s7,grid,random_feasible,2,30,2,0,7,optimal,optimal,25.288113295965307,4,0,4,0.00016595899999938268,False,False,2,0.9333333333333333,optimal solution found,optimal,25.288113295965296,0.0005318750000000705,3,True
random_feasible_m2_n30_s8,grid,random_feasible,2,30,2,0,8,optimal,optimal,33.10324570600982,2,0,2,0.00013233299999981796,False,False,2,0.9333333333333333,optimal solution found,optimal,33.10324570600982,0.0005465830000002114,2,True
random_feasible_m2_n30_s9,grid,random_feasible,2,30,2,0,9,optimal,optimal,29.992591625083605,4,0,4,0.00017425000000059754,False,False,2,0.9333333333333333,optimal solution found,optimal,29.99259162508361,0.0005366669999995466,3,True
random_feasible_m6_n30_s0,grid,random_feasible,6,30,6,0,0,optimal,optimal,11.768251423305038,5,0,5,0.00024012500000036852,False,False,5,0.8333333333333334,optimal solution found,optimal,11.76825142330504,0.0006069169999998181,9,True
random_feasible_m6_n30_s1,grid,random_feasible,6,30,6,0,1,optimal,optimal,10.357401761073358,3,0,3,0.00018804200000044347,False,False,3,0.9,optimal solution found,optimal,10.357401761073364,0.0006019170000000074,9,True
random_feasible_m6_n30_s2,grid,random_feasible,6,30,6,0,2,optimal,optimal,13.117498218866597,6,0,6,0.00026187499999963393,False,False,5,0.8333333333333334,optimal solution found,optimal,13.117498218866599,0.0005807080000002074,6,True
random_feasible_m6_n30_s3,grid,random_feasible,6,30,6,0,3,optimal,optimal,13.768727353946272,6,0,6,0.0002617919999998719,False,False,5,0.8333333333333334,optimal solution found,optimal,13.76872735394627,0.0005817080000003472,7,True
random_feasible_m6_n30_s4,grid,random_feasible,6,30,6,0,4,optimal,optimal,15.073021484139614,8,0,8,0.00031458300000064554,False,False,5,0.8333333333333334,optimal solution found,optimal,15.073021484139616,0.0005840839999997627,8,True
random_feasible_m6_n30_s5,grid,random_feasible,6,30,6,0,5,optimal,optimal,9.961101368397493,4,0,4,0.00020941599999968474,False,False,4,0.8666666666666667,optimal solution found,optimal,9.961101368397491,0.0007021250000001089,7,True
random_feasible_m6_n30_s6,grid,random_feasible,6,30,6,0,6,optimal,optimal,10.414782389696112,11,0,11,0.0004186250000000058,False,False,4,0.8666666666666667,optimal solution found,optimal,10.41478238969611,0.0006507500000001443,7,True
random_feasible_m6_n30_s7,grid,random_feasible,6,30,6,0,7,optimal,optimal,13.98271323962737,6,0,6,0.00026754099999948266,False,False,4,0.8666666666666667,optimal solution found,optimal,13.982713239627367,0.0005861249999998819,8,True
random_feasible_m6_n30_s8,grid,random_feasible,6,30,6,0,8,optimal,optimal,13.965299790147204,7,0,7,0.00030737500000022067,False,False,4,0.8666666666666667,optimal solution found,optimal,13.965299790147203,0.0006272090000001285,10,True
random_feasible_m6_n30_s9,grid,random_feasible,6,30,6,0,9,optimal,optimal,16.931824442759492,10,0,10,0.0003876250000001136,False,False,5,0.8333333333333334,optimal solution found,optimal,16.931824442759492,0.0006618339999997502,7,True
random_feasible_m10_n30_s0,grid,random_feasible,10,30,10,0,0,optimal,optimal,9.996439718700527,13,0,13,0.00060604099999928,False,False,5,0.8333333333333334,optimal solution found,optimal,9.99643971870052,0.0007450829999999797,10,True
random_feasible_m10_n30_s1,grid,random_feasible,10,30,10,0,1,optimal,optimal,11.451319379582,8,0,8,0.00040366700000049605,False,False,6,0.8,optimal solution found,optimal,11.451319379582,0.0006472090000002595,9,True
random_feasible_m10_n30_s2,grid,random_feasible,10,30,10,0,2,optimal,optimal,12.569605541996097,10,0,10,0.00045779200000062303,False,False,6,0.8,optimal solution found,optimal,12.569605541996093,0.0006276249999999095,12,True
random_feasible_m10_n30_s3,grid,random_feasible,10,30,10,0,3,optimal,optimal,9.241969052921142,11,0,11,0.0004887910000004325,False,False,5,0.8333333333333334,optimal solution found,optimal,9.241969052921142,0.000609625000000058,7,True
random_feasible_m10_n30_s4,grid,random_feasible,10,30,10,0,4,optimal,optimal,8.830814446907779,10,0,10,0.0004585420000005058,False,False,4,0.8666666666666667,optimal solution found,optimal,8.83081444690778,0.0006425830000003074,18,True
random_feasible_m10_n30_s5,grid,random_feasible,10,30,10,0,5,optimal,optimal,10.36925080420242,6,0,6,0.0003205419999998682,False,False,6,0.8,optimal solution found,optimal,10.369250804202418,0.0006355409999994066,16,True
random_feasible_m10_n30_s6,grid,random_feasible,10,30,10,0,6,optimal,optimal,9.15215800326672,8,0,8,0.00040412500000019946,False,False,7,0.7666666666666666,optimal solution found,optimal,9.152158003266717,0.0006262499999998283,12,True
random_feasible_m10_n30_s7,grid,random_feasible,10,30,10,0,7,optimal,optimal,12.695464664507183,9,0,9,0.0004221669999999733,False,False,5,0.8333333333333334,optimal solution found,optimal,12.695464664507165,0.0006486670000001027,14,True
random_feasible_m10_n30_s8,grid,random_feasible,10,30,10,0,8,optimal,optimal,11.06281623758407,10,0,10,0.00045820800000040407,False,False,6,0.8,optimal solution found,optimal,11.062816237584073,0.0006267920000002647,11,True
random_feasible_m10_n30_s9,grid,random_feasible,10,30,10,0,9,optimal,optimal,10.723445170620018,9,0,9,0.000420082999999849,False,False,6,0.8,optimal solution found,optimal,10.723445170620023,0.0006402500000000089,18,True
random_feasible_m14_n30_s0,grid,random_feasible,14,30,14,0,0,optimal,optimal,11.093534913985243,12,0,12,0.0006737499999998064,False,False,7,0.7666666666666666,optimal solution found,optimal,11.093534913985245,0.0008952090000002855,14,True
random_feasible_m14_n30_s1,grid,random_feasible,14,30,14,0,1,optimal,optimal,9.861788821265655,10,0,10,0.0005858340000006734,False,False,7,0.7666666666666666,optimal solution found,optimal,9.861788821265655,0.000729707999999718,10,True
random_feasible_m14_n30_s2,grid,random_feasible,14,30,14,0,2,optimal,optimal,9.675643295501565,9,0,9,0.0005168329999998278,False,False,6,0.8,optimal solution found,optimal,9.675643295501569,0.0006912500000000321,11,True
random_feasible_m14_n30_s3,grid,random_feasible,14,30,14,0,3,optimal,optimal,9.949895677972572,10,0,10,0.0005580419999997588,False,False,6,0.8,optimal solution found,optimal,9.94989567797257,0.0007104999999993922,19,True
random_feasible_m14_n30_s4,grid,random_feasible,14,30,14,0,4,optimal,optimal,11.307550488031403,13,0,13,0.0007057909999996781,False,False,7,0.7666666666666666,optimal solution found,optimal,11.307550488031406,0.0007521249999999924,18,True
random_feasible_m14_n30_s5,grid,random_feasible,14,30,14,0,5,optimal,optimal,10.667679120715668,11,0,11,0.0006062089999998577,False,False,7,0.7666666666666666,optimal solution found,optimal,10.667679120715693,0.0008445419999993931,16,True
random_feasible_m14_n30_s6,grid,random_feasible,14,30,14,0,6,optimal,optimal,14.856922809004226,16,0,16,0.000817291999999803,False,False,10,0.6666666666666667,optimal solution found,optimal,14.856922809004224,0.0007293339999998594,17,True
random_feasible_m14_n30_s7,grid,random_feasible,14,30,14,0,7,optimal,optimal,13.895433980267304,11,0,11,0.0005850839999999025,False,False,8,0.7333333333333334,optimal solution found,optimal,13.895433980267313,0.0006927079999998753,16,True
random_feasible_m14_n30_s8,grid,random_feasible,14,30,14,0,8,optimal,optimal,9.241207368519762,15,0,15,0.0007570829999998807,False,False,9,0.7,optimal solution found,optimal,9.241207368519822,0.0006729170000001616,15,True
random_feasible_m14_n30_s9,grid,random_feasible,14,30,14,0,9,optimal,optimal,11.478247489492924,8,0,8,0.00045958299999959706,False,False,6,0.8,optimal solution found,optimal,11.47824748949292,0.0006754159999999843,9,True
random_feasible_m2_n40_s0,grid,random_feasible,2,40,2,0,0,optimal,optimal,131.03850002861932,4,0,4,0.0001765419999992801,False,False,2,0.95,optimal solution found,optimal,131.03850002861932,0.0005796669999993398,3,True
random_feasible_m2_n40_s1,grid,random_feasible,2,40,2,0,1,optimal,optimal,25.14711177190454,2,0,2,0.0001387919999995546,False,False,2,0.95,optimal solution found,optimal,25.14711177190454,0.000568708999999501,3,True
random_feasible_m2_n40_s2,grid,random_feasible,2,40,2,0,2,optimal,optimal,49.9005865046606,4,0,4,0.00017595799999980954,False,False,2,0.95,optimal solution found,optimal,49.90058650466061,0.000565459000000601,2,True
random_feasible_m2_n40_s3,grid,random_feasible,2,40,2,0,3,optimal,optimal,40.23994037822942,5,0,5,0.0001998329999999271,False,False,2,0.95,optimal solution found,optimal,40.23994037822942,0.0005694590000002719,2,True
random_feasible_m2_n40_s4,grid,random_feasible,2,40,2,0,4,optimal,optimal,36.442600739532196,3,0,3,0.00015333300000008876,False,False,2,0.95,optimal solution found,optimal,36.442600739532196,0.0005523749999998273,3,True
random_feasible_m2_n40_s5,grid,random_feasible,2,40,2,0,5,optimal,optimal,18.411836363897812,4,0,4,0.00017074999999966423,False,False,2,0.95,optimal solution found,optimal,18.411836363897816,0.0005575829999999726,4,True
random_feasible_m2_n40_s6,grid,random_feasible,2,40,2,0,6,optimal,optimal,43.626112432836884,4,0,4,0.00017062499999997982,False,False,2,0.95,optimal solution found,optimal,43.62611243283688,0.0005562079999998915,4,True
random_feasible_m2_n40_s7,grid,random_feasible,2,40,2,0,7,optimal,optimal,61.829489689107625,6,0,6,0.000214125000000287,False,False,2,0.95,optimal solution found,optimal,61.82948968910762,0.0005686669999995786,3,True
random_feasible_m2_n40_s8,grid,random_feasible,2,40,2,0,8,optimal,optimal,35.07044340317796,6,0,6,0.00020708299999938617,False,False,2,0.95,optimal solution found,optimal,35.07044340317797,0.0005864589999999836,2,True
random_feasible_m2_n40_s9,grid,random_feasible,2,40,2,0,9,optimal,optimal,52.69759010617733,4,0,4,0.000171416999999785,False,False,2,0.95,optimal solution found,optimal,52.69759010617738,0.0005636249999998455,5,True
random_feasible_m6_n40_s0,grid,random_feasible,6,40,6,0,0,optimal,optimal,23.995030466002532,7,0,7,0.00029616700000012486,False,False,5,0.875,optimal solution found,optimal,23.995030466002536,0.0006302500000003874,11,True
random_feasible_m6_n40_s1,grid,random_feasible,6,40,6,0,1,optimal,optimal,15.69140725065324,5,0,5,0.00024274999999995828,False,False,5,0.875,optimal solution found,optimal,15.691407250653235,0.0006162919999992411,8,True
random_feasible_m6_n40_s2,grid,random_feasible,6,40,6,0,2,optimal,optimal,17.079738020636388,6,0,6,0.00026670900000080877,False,False,3,0.925,optimal solution found,optimal,17.079738020636388,0.0006108329999996442,10,True
random_feasible_m6_n40_s3,grid,random_feasible,6,40,6,0,3,optimal,optimal,18.600639204783725,5,0,5,0.0002417499999998185,False,False,5,0.875,optimal solution found,optimal,18.600639204783686,0.0007464160000001385,10,True
random_feasible_m6_n40_s4,grid,random_feasible,6,40,6,0,4,optimal,optimal,19.065317814524125,10,0,10,0.00042112499999991115,False,False,5,0.875,optimal solution found,optimal,19.06531781452412,0.0013207910000003764,8,True
random_feasible_m6_n40_s5,grid,random_feasible,6,40,6,0,5,optimal,optimal,20.001170603666544,7,0,7,0.00037816700000004033,False,False,5,0.875,optimal solution found,optimal,20.00117060366655,0.0009488339999998985,11,True
random_feasible_m6_n40_s6,grid,random_feasible,6,40,6,0,6,optimal,optimal,36.62014485073603,11,0,11,0.00043220800000032256,False,False,2,0.95,optimal solution found,optimal,36.62014485073603,0.0006936669999992873,5,True
random_feasible_m6_n40_s7,grid,random_feasible,6,40,6,0,7,optimal,optimal,14.561532753555445,5,0,5,0.00025366699999995745,False,False,4,0.9,optimal solution found,optimal,14.56153275355544,0.0006425000000005454,9,True
random_feasible_m6_n40_s8,grid,random_feasible,6,40,6,0,8,optimal,optimal,21.285627553798886,6,0,6,0.0002767920000001922,False,False,4,0.9,optimal solution found,optimal,21.28562755379889,0.0006462499999999594,9,True
random_feasible_m6_n40_s9,grid,random_feasible,6,40,6,0,9,optimal,optimal,15.39240359097144,4,0,4,0.0002283339999999967,False,False,3,0.925,optimal solution found,optimal,15.392403590971451,0.0006884170000001077,8,True
random_feasible_m10_n40_s0,grid,random_feasible,10,40,10,0,0,optimal,optimal,17.590902432904308,10,0,10,0.0004887499999997047,False,False,8,0.8,optimal solution found,optimal,17.59090243290432,0.0007561669999995857,15,True
random_feasible_m10_n40_s1,grid,random_feasible,10,40,10,0,1,optimal,optimal,16.92704796798823,8,0,8,0.0004042079999999615,False,False,6,0.85,optimal solution found,optimal,16.927047967988216,0.0006898749999999509,6,True
random_feasible_m10_n40_s2,grid,random_feasible,10,40,10,0,2,optimal,optimal,11.102258523961872,9,0,9,0.000439416999999942,False,False,7,0.825,optimal solution found,optimal,11.102258523961888,0.0007051250000005282,18,True
random_feasible_m10_n40_s3,grid,random_feasible,10,40,10,0,3,optimal,optimal,12.678492754873727,11,0,11,0.0005112499999997411,False,False,6,0.85,optimal solution found,optimal,12.678492754873778,0.0007408330000000518,15,True
random_feasible_m10_n40_s4,grid,random_feasible,10,40,10,0,4,optimal,optimal,13.351570602152341,8,0,8,0.00040525000000002365,False,False,7,0.825,optimal solution found,optimal,13.351570602152341,0.0006952500000005912,10,True
random_feasible_m10_n40_s5,grid,random_feasible,10,40,10,0,5,optimal,optimal,16.898182582699896,12,0,12,0.0005494580000000582,False,False,5,0.875,optimal solution found,optimal,16.898182582699853,0.0007465829999997453,15,True
random_feasible_m10_n40_s6,grid,random_feasible,10,40,10,0,6,optimal,optimal,22.212151004021038,16,0,16,0.0007058329999996005,False,False,8,0.8,optimal solution found,optimal,22.21215100402103,0.0007844999999999658,12,True
random_feasible_m10_n40_s7,grid,random_feasible,10,40,10,0,7,optimal,optimal,21.84256396607124,12,0,12,0.0005352919999994654,False,False,5,0.875,optimal solution found,optimal,21.842563966071225,0.0006888749999998112,11,True
random_feasible_m10_n40_s8,grid,random_feasible,10,40,10,0,8,optimal,optimal,15.018590307454597,14,0,14,0.0006113750000000806,False,False,6,0.85,optimal solution found,optimal,15.018590307454613,0.0014306249999993526,15,True
random_feasible_m10_n40_s9,grid,random_feasible,10,40,10,0,9,optimal,optimal,14.985837934519681,8,0,8,0.0004709590000002706,False,False,6,0.85,optimal solution found,optimal,14.985837934519681,0.001112165999999526,11,True
random_feasible_m14_n40_s0,grid,random_feasible,14,40,14,0,0,optimal,optimal,13.03792505826473,13,0,13,0.0007714580000000026,False,False,11,0.725,optimal solution found,optimal,13.037925058264715,0.001205707999999639,16,True
random_feasible_m14_n40_s1,grid,random_feasible,14,40,14,0,1,optimal,optimal,15.951065729507189,13,0,13,0.0007538330000000926,False,False,9,0.775,optimal solution found,optimal,15.95106572950719,0.0009897499999995674,15,True
random_feasible_m14_n40_s2,grid,random_feasible,14,40,14,0,2,optimal,optimal,18.308678271003867,15,0,15,0.0007990420000005827,False,False,8,0.8,optimal solution found,optimal,18.30867827100386,0.000872082999999968,19,True
random_feasible_m14_n40_s3,grid,random_feasible,14,40,14,0,3,optimal,optimal,10.485345105564642,20,0,20,0.001003958999999277,False,False,10,0.75,optimal solution found,optimal,10.48534510556463,0.0008161669999999788,17,True
random_feasible_m14_n40_s4,grid,random_feasible,14,40,14,0,4,optimal,optimal,16.79781991292815,14,0,14,0.0007588749999998257,False,False,7,0.825,optimal solution found,optimal,16.797819912928155,0.0008610000000004447,14,True
random_feasible_m14_n40_s5,grid,random_feasible,14,40,14,0,5,optimal,optimal,15.328676504949438,11,0,11,0.0006330830000003118,False,False,8,0.8,optimal solution found,optimal,15.328676504949438,0.000837041999999677,14,True
random_feasible_m14_n40_s6,grid,random_feasible,14,40,14,0,6,optimal,optimal,12.487414670524737,9,0,9,0.0005415410000004783,False,False,7,0.825,optimal solution found,optimal,12.487414670524739,0.0008073749999999436,14,True
random_feasible_m14_n40_s7,grid,random_feasible,14,40,14,0,7,optimal,optimal,14.324347662442113,14,0,14,0.0007590830000001603,False,False,8,0.8,optimal solution found,optimal,14.324347662442092,0.0012237919999993352,19,True
random_feasible_m14_n40_s8,grid,random_feasible,14,40,14,0,8,optimal,optimal,14.101787474325457,18,0,18,0.0009782920000001027,False,False,9,0.775,optimal solution found,optimal,14.101787474325448,0.0010810830000007599,16,True
random_feasible_m14_n40_s9,grid,random_feasible,14,40,14,0,9,optimal,optimal,11.883215537639337,17,0,17,0.0008977500000000305,False,False,7,0.825,optimal solution found,optimal,11.883215537639341,0.0010156249999999645,13,True
random_feasible_m2_n50_s0,grid,random_feasible,2,50,2,0,0,optimal,optimal,209.77398203871064,4,0,4,0.00023816700000001134,False,False,2,0.96,optimal solution found,optimal,209.77398203871059,0.0008910000000001972,3,True
random_feasible_m2_n50_s1,grid,random_feasible,2,50,2,0,1,optimal,optimal,42.12453433951251,4,0,4,0.00020108399999951843,False,False,2,0.96,optimal solution found,optimal,42.12453433951249,0.000678040999999574,3,True
random_feasible_m2_n50_s2,grid,random_feasible,2,50,2,0,2,optimal,optimal,83.8519251062588,4,0,4,0.0001882079999999675,False,False,2,0.96,optimal solution found,optimal,83.85192510625879,0.0006096669999999804,3,True
random_feasible_m2_n50_s3,grid,random_feasible,2,50,2,0,3,optimal,optimal,44.6743863483625,4,0,4,0.00018766700000050207,False,False,2,0.96,optimal solution found,optimal,44.67438634836249,0.0005986250000002968,3,True
random_feasible_m2_n50_s4,grid,random_feasible,2,50,2,0,4,optimal,optimal,60.90834624220539,3,0,3,0.00016250000000006537,False,False,2,0.96,optimal solution found,optimal,60.90834624220539,0.0005908329999995132,2,True
random_feasible_m2_n50_s5,grid,random_feasible,2,50,2,0,5,optimal,optimal,50.37926377724986,5,0,5,0.00019666699999998372,False,False,2,0.96,optimal solution found,optimal,50.37926377724986,0.0007090420000004372,3,True
random_feasible_m2_n50_s6,grid,random_feasible,2,50,2,0,6,optimal,optimal,62.71021174562306,3,0,3,0.00017908299999991328,False,False,2,0.96,optimal solution found,optimal,62.710211745623056,0.0006406669999998726,7,True
random_feasible_m2_n50_s7,grid,random_feasible,2,50,2,0,7,optimal,optimal,75.21709239939483,4,0,4,0.00019316599999985584,False,False,2,0.96,optimal solution found,optimal,75.21709239939483,0.0006107909999997219,3,True
random_feasible_m2_n50_s8,grid,random_feasible,2,50,2,0,8,optimal,optimal,29.623966635020732,4,0,4,0.00017979199999995643,False,False,2,0.96,optimal solution found,optimal,29.62396663502073,0.0005893330000006358,3,True
random_feasible_m2_n50_s9,grid,random_feasible,2,50,2,0,9,optimal,optimal,189.41466610302118,5,0,5,0.00019866700000026327,False,False,2,0.96,optimal solution found,optimal,189.41466610302112,0.0005812079999998332,3,True
random_feasible_m6_n50_s0,grid,random_feasible,6,50,6,0,0,optimal,optimal,25.757845597623678,7,0,7,0.00030345800000031176,False,False,6,0.88,optimal solution found,optimal,25.757845597623678,0.0006862919999992556,12,True
random_feasible_m6_n50_s1,grid,random_feasible,6,50,6,0,1,optimal,optimal,26.894401889410762,10,0,10,0.000378290999999642,False,False,4,0.92,optimal solution found,optimal,26.894401889410737,0.0006856659999998627,11,True
random_feasible_m6_n50_s2,grid,random_feasible,6,50,6,0,2,optimal,optimal,27.89100465010464,10,0,10,0.0003804589999996111,False,False,5,0.9,optimal solution found,optimal,27.891004650104644,0.0006588750000000587,10,True
random_feasible_m6_n50_s3,grid,random_feasible,6,50,6,0,3,optimal,optimal,22.03975274444606,5,0,5,0.0002475410000002398,False,False,5,0.9,optimal solution found,optimal,22.039752744446055,0.0006729170000001616,11,True
random_feasible_m6_n50_s4,grid,random_feasible,6,50,6,0,4,optimal,optimal,25.083806694034706,9,0,9,0.0003722079999999295,False,False,5,0.9,optimal solution found,optimal,25.083806694034703,0.0007136250000003841,11,True
random_feasible_m6_n50_s5,grid,random_feasible,6,50,6,0,5,optimal,optimal,24.246466121027737,6,0,6,0.0002905000000001934,False,False,6,0.88,optimal solution found,optimal,24.246466121027836,0.0009019170000001964,11,True
random_feasible_m6_n50_s6,grid,random_feasible,6,50,6,0,6,optimal,optimal,21.381807094265344,9,0,9,0.0006862500000002214,False,False,5,0.9,optimal solution found,optimal,21.381807094265366,0.0010360000000000369,9,True
random_feasible_m6_n50_s7,grid,random_feasible,6,50,6,0,7,optimal,optimal,26.074392994282082,11,0,11,0.00043187500000030354,False,False,6,0.88,optimal solution found,optimal,26.074392994282082,0.0006768749999999102,7,True
random_feasible_m6_n50_s8,grid,random_feasible,6,50,6,0,8,optimal,optimal,23.288203452543335,4,0,4,0.0002261249999992998,False,False,4,0.92,optimal solution found,optimal,23.28820345254331,0.0006601660000002951,10,True
random_feasible_m6_n50_s9,grid,random_feasible,6,50,6,0,9,optimal,optimal,21.490233634076148,9,0,9,0.00035395899999990377,False,False,5,0.9,optimal solution found,optimal,21.490233634076155,0.0006587500000003743,13,True
random_feasible_m10_n50_s0,grid,random_feasible,10,50,10,0,0,optimal,optimal,19.098036512910433,20,0,20,0.0008112499999999301,False,False,5,0.9,optimal solution found,optimal,19.098036512910447,0.0007172500000001136,10,True
random_feasible_m10_n50_s1,grid,random_feasible,10,50,10,0,1,optimal,optimal,23.289251338100676,18,0,18,0.0007350410000004359,False,False,6,0.88,optimal solution found,optimal,23.289251338100684,0.000709624999999825,13,True
random_feasible_m10_n50_s2,grid,random_feasible,10,50,10,0,2,optimal,optimal,26.954995785192473,7,0,7,0.00036441600000003405,False,False,6,0.88,optimal solution found,optimal,26.954995785192487,0.0007054169999998194,15,True
random_feasible_m10_n50_s3,grid,random_feasible,10,50,10,0,3,optimal,optimal,19.42949518482273,8,0,8,0.00040549999999939246,False,False,7,0.86,optimal solution found,optimal,19.429495184822734,0.0007206249999995862,18,True
random_feasible_m10_n50_s4,grid,random_feasible,10,50,10,0,4,optimal,optimal,16.471002125278886,9,0,9,0.000430708000000557,False,False,5,0.9,optimal solution found,optimal,16.471002125278876,0.0007164160000003861,12,True
random_feasible_m10_n50_s5,grid,random_feasible,10,50,10,0,5,optimal,optimal,16.20547784242012,16,0,16,0.0006846660000006111,False,False,7,0.86,optimal solution found,optimal,16.205477842420134,0.0007942500000002184,17,True
random_feasible_m10_n50_s6,grid,random_feasible,10,50,10,0,6,optimal,optimal,18.880497772263716,10,0,10,0.00046937499999977206,False,False,7,0.86,optimal solution found,optimal,18.880497772263716,0.0007262919999995177,13,True
random_feasible_m10_n50_s7,grid,random_feasible,10,50,10,0,7,optimal,optimal,21.133050975236884,10,0,10,0.0004728749999998172,False,False,6,0.88,optimal solution found,optimal,21.133050975236877,0.0007504999999996542,10,True
random_feasible_m10_n50_s8,grid,random_feasible,10,50,10,0,8,optimal,optimal,20.718302022590727,9,0,9,0.0005166250000003814,False,False,6,0.88,optimal solution found,optimal,20.71830202259074,0.0011513750000000655,13,True
random_feasible_m10_n50_s9,grid,random_feasible,10,50,10,0,9,optimal,optimal,20.280964449487797,12,0,12,0.0006082919999998992,False,False,7,0.86,optimal solution found,optimal,20.280964449487804,0.0009353330000001492,15,True
random_feasible_m14_n50_s0,grid,random_feasible,14,50,14,0,0,optimal,optimal,18.077956448124347,17,0,17,0.0008693750000006162,False,False,10,0.8,optimal solution found,optimal,18.07795644812435,0.0008704999999995522,19,True
random_feasible_m14_n50_s1,grid,random_feasible,14,50,14,0,1,optimal,optimal,18.812493046059753,18,0,18,0.0009492079999997571,False,False,10,0.8,optimal solution found,optimal,18.81249304605976,0.0009352920000003095,19,True
random_feasible_m14_n50_s2,grid,random_feasible,14,50,14,0,2,optimal,optimal,17.61922797207075,8,0,8,0.0005051670000000286,False,False,8,0.84,optimal solution found,optimal,17.619227972070746,0.0008534170000000785,15,True
random_feasible_m14_n50_s3,grid,random_feasible,14,50,14,0,3,optimal,optimal,20.645744289418328,11,0,11,0.0006185420000006658,False,False,6,0.88,optimal solution found,optimal,20.645744289418325,0.0008387499999997772,11,True
random_feasible_m14_n50_s4,grid,random_feasible,14,50,14,0,4,optimal,optimal,24.441819127955416,15,0,15,0.000814125000000665,False,False,9,0.8200000000000001,optimal solution found,optimal,24.44181912795557,0.0008679580000006126,21,True
random_feasible_m14_n50_s5,grid,random_feasible,14,50,14,0,5,optimal,optimal,19.290754264958178,18,0,18,0.0010024589999995115,False,False,8,0.84,optimal solution found,optimal,19.290754264958196,0.0010546250000000867,20,True
random_feasible_m14_n50_s6,grid,random_feasible,14,50,14,0,6,optimal,optimal,16.194096592402772,9,0,9,0.0005628330000000403,False,False,6,0.88,optimal solution found,optimal,16.194096592402744,0.0009192080000000047,17,True
random_feasible_m14_n50_s7,grid,random_feasible,14,50,14,0,7,optimal,optimal,17.447840688421813,10,0,10,0.0006174589999998759,False,False,6,0.88,optimal solution found,optimal,17.447840688421795,0.001267499999999977,16,True
random_feasible_m14_n50_s8,grid,random_feasible,14,50,14,0,8,optimal,optimal,19.30356080522295,9,0,9,0.0006605410000002365,False,False,9,0.8200000000000001,optimal solution found,optimal,19.303560805222936,0.0011926250000007244,15,True
random_feasible_m14_n50_s9,grid,random_feasible,14,50,14,0,9,optimal,optimal,19.752403623544204,15,0,15,0.0008653750000000571,False,False,10,0.8,optimal solution found,optimal,19.752403623544218,0.0011820839999998611,16,True
